{"matrix": [[349.541717932831, 0.0, 337.5309814433229], [0.0, 363.5434550378171, 247.3968365044372], [0.0, 0.0, 1.0]], "distortion": [[-0.0036043871268771795, -0.18275823116226567, 0.006297955391311607, 0.006441104415258767, 0.06757043612371644]]}