{"matrix": [[334.3082116537765, 0.0, 229.33739494609353], [0.0, 334.9218799618285, 319.6009534060881], [0.0, 0.0, 1.0]], "distortion": [[-0.07130062182061578, -0.07034456570483288, 0.00010942258793900767, 0.00021193775623515315, 0.032862085963316676]]}